{"cameraMode":{"drawMode":0,"name":"Shaded","section":"Shading Mode"},"sceneLighting":true,"audioPlay":false,"sceneViewState":{"m_AlwaysRefresh":false,"showFog":true,"showSkybox":true,"showFlares":true,"showImageEffects":true,"showParticleSystems":true,"showVisualEffectGraphs":true,"m_FxEnabled":true},"in2DMode":false,"pivot":{"x":0.1382015347480774,"y":6.337082386016846,"z":0.4718506336212158},"rotation":{"x":0.07304003834724426,"y":0.052029479295015338,"z":0.0038352010305970909,"w":-0.9960424900054932},"size":23.47899055480957,"orthographic":false}