{"cameraMode":{"drawMode":0,"name":"Shaded","section":"Shading Mode"},"sceneLighting":true,"audioPlay":false,"sceneViewState":{"m_AlwaysRefresh":false,"showFog":true,"showSkybox":true,"showFlares":true,"showImageEffects":true,"showParticleSystems":true,"showVisualEffectGraphs":true,"m_FxEnabled":true},"in2DMode":false,"pivot":{"x":-31.79013442993164,"y":8.399327278137207,"z":-31.40472412109375},"rotation":{"x":0.05994928255677223,"y":0.023949595168232919,"z":0.0014064119895920158,"w":-0.9979479908943176},"size":31.752952575683595,"orthographic":false}