{"cameraMode":{"drawMode":0,"name":"Shaded","section":"Shading Mode"},"sceneLighting":true,"audioPlay":false,"sceneViewState":{"m_AlwaysRefresh":false,"showFog":true,"showSkybox":true,"showFlares":true,"showImageEffects":true,"showParticleSystems":true,"showVisualEffectGraphs":true,"m_FxEnabled":true},"in2DMode":false,"pivot":{"x":-3.5296034812927248,"y":-0.3153722286224365,"z":7.694683074951172},"rotation":{"x":-0.16451652348041535,"y":0.11951907724142075,"z":-0.02010551281273365,"w":-0.9789553284645081},"size":13.984881401062012,"orthographic":false}